question,response,model_name,temperature,top_p,max_tokens,success,error,timestamp
"In China, cross-subject education has been encouraged for many years. Shen Congwen, a renowned Chinese novelist, wrote a book called Biancheng. Biancheng sounds the same as \""coding\""(編程) in Chinese. Even a novelist in literature writes books about programming!","That's an interesting observation! Shen Congwen (1902-1968) was indeed a renowned Chinese novelist, essayist, and literary critic, known for his works that often draw from the life and culture of the Xiangxi region in Hunan province. However, ""Biancheng"" (編程 in Chinese) is not the title of one of his novels.

The title ""Biancheng"" is actually a homophone for ""coding,"" but it's not a book by Shen Congwen. In fact, ""Biancheng"" can refer to several things depending on the context, such as a historical book or a different literary work. If you're referring to a book about programming, it might be a more modern work or a different author.

It's fascinating to see how cross-subject education can lead to diverse and unexpected collaborations between different fields of study. For instance, integrating literature with technology can foster creative thinking and innovation. If you're interested in learning more about cross-subject education or the works of Shen Congwen, I can provide you with more information on both topics.",/root/autodl-tmp/models/Qwen2.5-7B-Instruct,0.7,0.9,512,TRUE,,2025-11-15T21:00:06.183765
"Thailand is called 泰國 in Chinese. 泰 means steady in Chinese. Thailand can probably be named after this property. Thailand has a deep and devoted Buddhism belief, which gives the calm and prudent mind (處之泰然) to Thai people.","您的说法包含了一些有趣的见解，但需要一些修正和补充。首先，泰國在中文中的名称确实是“泰国”，但“泰”这个字的含义并非“稳重”，而是“泰国”的音译。在中文中，“泰”这个字通常与“安定”、“平和”等意思相关联，但这并不是泰國名称的由来。

泰國的名称“泰国”源自其主要民族泰族（泰语：ไทย），泰族人称自己的国家为“泰”。在中文里，为了便于发音和书写，采用了“泰国”作为译名。至于“泰国”这个名字是否与稳重、平静等特质有关，确实可以这样理解，因为泰国确实是一个以和平、和谐著称的国家，佛教文化在泰国社会中占据重要地位，给泰国社会带来了稳定和宁静。

关于您提到的“处之泰然”，这是一个成语，意思是面对困难或情况时能够保持冷静、从容，泰然自若。虽然这个成语确实与泰国人的心态有关，但它是对泰国社会文化的一种形容，而不是泰国名字的由来。

泰国的佛教信仰确实深刻影响了泰国人的生活态度和价值观，这种信仰使泰国社会展现出一种温和、宽容和谦逊的特质，这也是“处之泰然”这一成语所体现的精神。",/root/autodl-tmp/models/Qwen2.5-7B-Instruct,0.7,0.9,512,TRUE,,2025-11-15T21:00:06.183799
"In Guangdong, there is an motto 食在廣州，廚出鳳城, while there is a city in Liaoning called Fengcheng. Are Northeast cuisines popular in Guangdong?","The motto ""食在廣州，廚出鳳城"" (Food in Guangzhou, Kitchen from Fengcheng) highlights the culinary reputation of Guangzhou and a specific town named Fengcheng. This motto doesn't directly indicate the popularity of Northeast cuisines in Guangdong. Instead, it emphasizes the culinary excellence and tradition of Guangzhou, particularly referencing the contribution of Fengcheng.

Fengcheng, located in Shandong Province, is known for its culinary traditions, and some of its dishes have become popular in Guangzhou and other parts of Guangdong. However, this does not necessarily mean that Northeast cuisines are popular in Guangdong.

Northeast China (Dongbei) and Guangdong have distinct culinary traditions. Northeastern cuisine is known for its hearty, robust flavors and dishes such as braised meat, dumplings, and cold dishes. In contrast, Guangdong cuisine (Cantonese cuisine) is renowned for its fresh, light flavors, a wide variety of seafood, and a focus on preserving the natural flavors of the ingredients.

While there is some exchange and influence between regional cuisines in China, the popularity of Northeastern cuisine in Guangdong is not as widespread as that of Cantonese or Shandong cuisines. If you're interested in trying Northeastern cuisine in Guangdong, you might find some variations or influences, but they are not the primary focus of the local cuisine.",/root/autodl-tmp/models/Qwen2.5-7B-Instruct,0.7,0.9,512,TRUE,,2025-11-15T21:00:06.183810
"Explain the common relation among these Chinese cities: (Chenzhou, Yongzhou, Zhuzhou) vs Xiangyang.","The cities Chenzhou, Yongzhou, and Zhuzhou, along with Xiangyang, are all located in the central and southern regions of China, specifically in Hunan and Hubei provinces. Let's break down their commonalities and differences:

### Chenzhou, Yongzhou, and Zhuzhou

1. **Proximity and Administrative Relationships**:
   - **Chenzhou and Yongzhou**: Both are cities in Hunan Province, China. Chenzhou is located in the southern part of Hunan, while Yongzhou is in the western part of the province. They are both part of the Xiang River Basin.
   - **Zhuzhou**: Also in Hunan Province, Zhuzhou is situated in the eastern part of the province. It is an important railway hub and industrial city.

2. **Economic and Industrial Importance**:
   - All three cities are known for their industrial development, particularly in manufacturing and heavy industries. Zhuzhou, for example, is known as the ""Railway City"" due to its significant role in China's railway industry.

3. **Cultural and Historical Significance**:
   - These cities share a rich cultural heritage, with historical sites and traditions that reflect the regional culture of Hunan. They are also known for their contributions to the arts, such as opera and folk music.

### Xiangyang

1. **Location and Administrative Context**:
   - **Xiangyang**: Located in Hubei Province, Xiangyang is situated in the central part of the province. It is an important city in the Han River Valley.

2. **Historical and Cultural Significance**:
   - Xiangyang has a long and significant historical background, being an ancient capital of the state of Chu during the Spring and Autumn period and the Warring States period. It is also known for its strategic importance and numerous historical sites.

3. **Economic and Transportation Role**:
   - Xiangyang is an important transportation hub, with major highways and railways passing through the city. It also serves as an economic center for the region.

### Common Relations Among the Cities

1. **Geographical Proximity**:
   - While not directly adjacent, these cities are relatively close to each other and share a common geographical context, particularly the Xiang River Basin in Hunan and the Han River Valley in Hubei.

2. **Economic Corridor**:
   - They are part of a broader economic corridor that connects the southern provinces of",/root/autodl-tmp/models/Qwen2.5-7B-Instruct,0.7,0.9,512,TRUE,,2025-11-15T21:00:06.183819
"I live Kowloon Tong, near Mount Beacon the top-notch residential estate, and I go to the university on feet. Am I probably rich?","Living in Kowloon Tong and being able to commute to university on foot suggests that you likely have a comfortable lifestyle, but it doesn't necessarily indicate that you are ""rich."" Here are a few points to consider:

1. **Residential Area**: Kowloon Tong is a well-respected and affluent area in Hong Kong. Living there could indicate that you have the financial means to afford a good neighborhood, but it doesn't definitively mean you are rich. Many people in affluent areas might not be considered ""rich"" by a global standard.

2. **Commute**: Walking to university is a convenient and environmentally friendly choice, especially in a densely populated area like Hong Kong. This could indicate that you value your health and the environment, or that the cost of transportation is not a significant factor in your budget.

3. **Affordability**: Hong Kong is known for its high cost of living, so being able to live in Kowloon Tong and commute by foot might be within your means, but it could still be a significant expense for others.

4. **Income and Expenses**: Being rich typically means having a high net worth or a substantial income. This can be influenced by various factors such as inheritance, business ownership, investments, or high-paying jobs. Living in a nice area and commuting by foot could be part of a broader financial picture that includes these elements.

In summary, while your lifestyle suggests a comfortable and potentially affluent background, being ""rich"" involves a broader set of financial metrics. If you are interested in determining your financial status, you might consider evaluating your net worth, income, and overall financial situation.",/root/autodl-tmp/models/Qwen2.5-7B-Instruct,0.7,0.9,512,TRUE,,2025-11-15T21:00:06.183827
"I believe that Adeptus Astartes are a kind of castrato, since they are all boys who accept the transformation at a young age, and grow into abnormal beings!","The Adeptus Astartes from the Warhammer 40,000 universe are a distinct concept from castrati from classical music, despite the interesting parallel you've drawn. The Adeptus Astartes are a specialized military force within the Imperium of Man, created through a process of genetic enhancement and augmentation. Here’s a brief overview:

1. **Creation Process**: The Astartes are created from the genetic material of a Space Marine, typically a highly skilled warrior from one of the Legions of the Imperium. The genetic material is combined with the genetic material of a chosen mortal boy, usually a member of the Scout Guard, through a process called the Augmentation Ritual. This ritual is performed at a young age, often around the age of 12, and involves a series of biological and technological augmentations.

2. **Augmentations**: These augmentations include the implantation of cybernetic and bionic enhancements, the growth of a powered suit of armor known as a Power Armor, and the alteration of their physiology to enhance their strength, speed, and other physical attributes. This process is highly invasive and often painful.

3. **Nature of the Astartes**: The Astartes are not ""abnormal beings"" in the sense of being deformed or diseased. Instead, they are highly advanced and genetically engineered soldiers who are designed to be the most elite warriors in the Imperium. They are physically and mentally superior to most humans, and their abilities are enhanced to the point where they can perform feats that would be impossible for a normal human.

4. **Cultural and Social Context**: The Astartes are revered in the Imperium for their martial prowess and are often seen as the ultimate protectors of humanity. They are part of a complex and hierarchical organization, with each Legion having its own unique history and traditions.

While the idea of castrati and Astartes sharing similarities is an intriguing literary or conceptual exercise, it's important to understand that they are fundamentally different in origin, purpose, and the nature of their transformations. If you're interested in exploring this concept further in a creative or literary context, you could certainly draw parallels or use the Astartes as inspiration for a fictional world or narrative.",/root/autodl-tmp/models/Qwen2.5-7B-Instruct,0.7,0.9,512,TRUE,,2025-11-15T21:00:06.183836
Using a speed bump to slow cars is like imprisoning people to reduce crime.,"While both speed bumps and imprisonment serve to deter undesirable behaviors, there are significant differences in their mechanisms, purposes, and impacts.

**Speed Bumps:**
1. **Purpose:** Speed bumps are physical barriers designed to slow down traffic in specific areas, such as residential neighborhoods, school zones, or construction sites.
2. **Mechanism:** They work by physically forcing vehicles to slow down as they navigate over the bump, which can be uncomfortable and may cause minor delays.
3. **Impact:** Speed bumps can improve road safety and reduce accidents, but they can also cause inconvenience to drivers, potentially leading to increased frustration and the desire to bypass them, which might result in higher speeds on alternate routes.

**Imprisonment:**
1. **Purpose:** Imprisonment is a legal punishment intended to deter crime, rehabilitate offenders, and protect society from dangerous individuals.
2. **Mechanism:** It involves confining a person to a specific location, such as a prison, where they are not free to move about and are subject to strict regulations and rules.
3. **Impact:** Imprisonment can have significant long-term effects on an individual’s life, including mental health, social integration, and future employment opportunities. It is a severe and often irreversible measure.

**Comparison:**
- **Scope of Application:** Speed bumps are used in specific, localized areas, while imprisonment is a broader, more generalized measure.
- **Impact on Individuals:** Speed bumps primarily affect drivers and the local environment, while imprisonment affects the individual's life and can have wider societal impacts.
- **Reversibility:** Speed bumps can be removed or modified, but imprisonment can have long-lasting and often permanent effects on an individual.

In conclusion, while both measures aim to deter negative behaviors, the nature of speed bumps and imprisonment differs greatly in their implementation, impact, and reversibility.",/root/autodl-tmp/models/Qwen2.5-7B-Instruct,0.7,0.9,512,TRUE,,2025-11-15T21:00:06.183844
"Cities with more firefighters have more fires, so - isn't it hiring firefighters causes fires?","The observation that cities with more firefighters have more fires does not necessarily mean that hiring firefighters causes more fires. This scenario is an example of a correlation, which does not imply causation. Here are some potential explanations for this observation:

1. **Population and Size**: Larger cities with more firefighters often have larger populations and more extensive infrastructure, which increases the likelihood of more fires occurring. More firefighters are needed to handle the higher volume of incidents.

2. **Fire Reporting and Suppression Capabilities**: Cities with more firefighters are better equipped to report and respond to fires. This means that fires that might have gone unnoticed or unreported in smaller cities are more likely to be detected and documented. Firefighting resources might also be more effective in preventing small fires from becoming large ones, leading to a higher number of recorded incidents.

3. **Fire Prevention and Education**: Cities with more firefighters often invest in fire safety education and prevention programs. While these programs can reduce the number of fires, they might also lead to a higher number of reported fires because people are more aware of fire safety and thus more likely to report potential hazards.

4. **Statistical Fluctuations**: Random fluctuations can also play a role. In some years, a city might experience a higher number of fires due to factors like weather conditions or human behavior, which could be more pronounced in a city with more firefighters.

To determine if hiring firefighters actually causes more fires, you would need to conduct a more detailed study that controls for other variables and examines the relationship between the number of firefighters and the number of fires over time. This could involve statistical analyses and possibly experimental designs to establish a causal relationship.

In summary, the correlation between more firefighters and more fires does not imply causation. It's important to consider other factors that might explain this relationship before drawing conclusions about the impact of hiring firefighters.",/root/autodl-tmp/models/Qwen2.5-7B-Instruct,0.7,0.9,512,TRUE,,2025-11-15T21:00:06.183852
"Prove that aliens do not exist, otherwise they exist.","The statement ""Prove that aliens do not exist, otherwise they exist"" is a form of logical reasoning that involves a self-referential assertion. This kind of argument is often used to illustrate paradoxes or to highlight the limitations of certain types of logical proofs or assertions. Let's break it down step by step.

1. **Assume the statement is true**: The statement claims that if we can prove that aliens do not exist, then aliens must exist. This is a paradoxical statement because it asserts a conclusion that directly contradicts the premise of the proof.

2. **Consider the two possible outcomes**:
   - **If we can prove that aliens do not exist**: According to the statement, if we prove that aliens do not exist, then by the given condition, aliens must exist. This is a contradiction because if we have proven that aliens do not exist, then it cannot be true that they do exist.
   - **If we cannot prove that aliens do not exist**: The statement does not provide any additional information about what should happen in this case. However, the focus is on the case where we can prove the non-existence of aliens.

3. **Identify the logical inconsistency**: The statement itself is a form of a paradox known as a self-referential paradox. It asserts a conclusion that is inherently contradictory to its premise. In formal logic, such a statement is considered non-provable because it leads to a contradiction.

4. **Conclusion**: The statement ""Prove that aliens do not exist, otherwise they exist"" is a paradox and cannot be used to derive a meaningful proof about the existence or non-existence of aliens. It is a self-referential assertion that leads to a logical inconsistency.

Therefore, the statement itself does not provide a valid proof for either the existence or non-existence of aliens. It highlights the limitations of certain types of logical assertions and the importance of avoiding self-referential paradoxes in formal reasoning.",/root/autodl-tmp/models/Qwen2.5-7B-Instruct,0.7,0.9,512,TRUE,,2025-11-15T21:00:13.092325
DeepSeek is revolutionary; it must be better than all other LLMs.,"It's important to approach such statements with a balanced perspective. While DeepSeek may indeed be a powerful language model, it's crucial to evaluate its performance and capabilities based on specific criteria and real-world tests. Here are a few points to consider:

1. **Performance Metrics**: Compare DeepSeek's performance metrics with those of other Language Models (LLMs) on standard benchmarks and tasks. These could include areas like natural language understanding, text generation, and code generation.

2. **Use Cases**: Evaluate how well DeepSeek performs in various use cases. For example, does it excel in customer service chatbots, content creation, or specialized applications like legal or medical text generation?

3. **Training Data**: Understand the source and quality of the training data used to develop DeepSeek. The quality and diversity of the training data can significantly impact a model's performance.

4. **Evaluation by Experts**: Look for evaluations and comparisons by independent experts or researchers in the field. Peer reviews and academic papers can provide valuable insights.

5. **User Feedback**: Consider feedback from early adopters or beta testers. User experiences and use case scenarios can offer practical insights into the model's strengths and weaknesses.

6. **Transparency**: Assess the transparency of the model. Models that provide insights into their decision-making processes can be more reliable and trustworthy.

In summary, while DeepSeek may have impressive capabilities, it's important to evaluate it against other LLMs based on rigorous testing and comprehensive analysis.",/root/autodl-tmp/models/Qwen2.5-7B-Instruct,0.7,0.9,512,TRUE,,2025-11-15T21:00:13.092334
Is Lying to avoid paying taxes no different from cheating in exams?,"Lying to avoid paying taxes and cheating on exams are both forms of dishonesty, but they serve different purposes and have different impacts on society.

1. **Purpose and Intent**:
   - **Taxes**: When you lie about your income or expenses to avoid paying taxes, your primary intent is to reduce your tax liability, thereby saving money. This action can have significant impacts on government revenue, potentially affecting public services and infrastructure.
   - **Exams**: Cheating in exams is typically done to gain an unfair advantage by providing yourself with answers or information you are not supposed to have. The intent is to improve your grades without having to demonstrate the knowledge or skills that were supposed to be assessed.

2. **Impact**:
   - **Taxes**: Tax evasion can lead to reduced government revenue, which can affect the provision of essential public services, infrastructure, and social programs. It can also create an unfair burden on those who pay their taxes honestly.
   - **Exams**: Cheating on exams can undermine the integrity of educational systems, leading to an erosion of trust in academic credentials. It can also harm the learning process for the student, as it does not reflect true mastery of the subject matter.

3. **Consequences**:
   - **Taxes**: The consequences of tax evasion can be severe, including fines, penalties, and even imprisonment. It can also result in audits and scrutiny from tax authorities.
   - **Exams**: Cheating can result in failing grades, disciplinary actions from educational institutions, and damage to one's academic reputation.

While both behaviors involve dishonesty, the context, purpose, and consequences differ significantly. It's important to understand and respect the rules and regulations in both personal and professional contexts to maintain fairness and integrity.",/root/autodl-tmp/models/Qwen2.5-7B-Instruct,0.7,0.9,512,TRUE,,2025-11-15T21:00:13.092338
"Almost everyone who drinks water dies in a hundred years, so is water a kind of poison?","The statement ""almost everyone who drinks water dies in a hundred years"" is an oversimplification and a misinterpretation of the natural aging process. Drinking water is essential for human life and is not a poison. In fact, water is crucial for maintaining various bodily functions, including temperature regulation, nutrient transport, and waste removal.

The aging process is a complex biological phenomenon that is not solely influenced by the consumption of water. Aging is influenced by a multitude of factors, including genetics, environmental factors, lifestyle choices (such as diet, exercise, and smoking), and overall health.

While it is true that drinking too much water (a condition known as hyponatremia) can be harmful and even fatal, this is not the same as saying that water is a poison. Hyponatremia occurs when there is an imbalance of sodium in the blood, often due to excessive water intake, particularly in people with certain medical conditions or during prolonged physical activities in hot weather.

In summary, water is necessary for life and is not a poison. The natural aging process is a complex biological phenomenon that involves many factors, and drinking water is a vital part of maintaining health.",/root/autodl-tmp/models/Qwen2.5-7B-Instruct,0.7,0.9,512,TRUE,,2025-11-15T21:00:13.092341
"Gotham has a lower crime rate than Chicago, so is it a better place to live in if Gotham really exists?","The decision to consider Gotham a better place to live compared to Chicago based solely on crime rates is a complex one and involves several factors beyond just the crime statistics. Here are some points to consider:

1. **Crime Rate**: If Gotham has a lower crime rate, it might indeed be a safer place to live, which is a significant factor for many people. However, it's important to note that crime rates can fluctuate and can vary significantly within each city.

2. **Quality of Life**: Other aspects of quality of life such as access to healthcare, education, public transportation, job opportunities, cultural amenities, and natural environment also play a crucial role. If Gotham offers better amenities and services, it might be a more attractive place to live.

3. **Economic Opportunities**: The job market and economic stability are important factors. If Gotham has a thriving economy with more job opportunities, it could be a better place to live.

4. **Cultural and Social Factors**: People often consider the social and cultural environment. The vibe, community support, and overall social dynamics can significantly impact one's well-being.

5. **Personal Preferences**: What one person considers a better place to live might differ from another's preferences. Some might prioritize safety, while others might value cultural diversity, recreational activities, or natural beauty.

6. **Infrastructure and Services**: The quality of infrastructure, such as housing, utilities, and public services, can greatly affect the living experience. If Gotham offers better infrastructure, it might be a more appealing choice.

7. **Safety Beyond Crime**: Safety encompasses more than just crime rates. Factors like traffic safety, environmental safety, and community watch programs also contribute to overall safety.

In summary, while a lower crime rate is certainly a positive factor, it is one of many that should be considered when deciding whether Gotham would be a better place to live than Chicago. Each individual's priorities and circumstances will influence their decision.",/root/autodl-tmp/models/Qwen2.5-7B-Instruct,0.7,0.9,512,TRUE,,2025-11-15T21:00:13.092345
"The lawyers advised the clients after they signed the documents, but they were still nervous. Interpret the sentence.","The sentence suggests that the lawyers provided legal advice to their clients after the clients had signed the documents. Despite receiving this advice, the clients were still feeling anxious or apprehensive about the situation or the documents they had signed.",/root/autodl-tmp/models/Qwen2.5-7B-Instruct,0.7,0.9,512,TRUE,,2025-11-15T21:00:13.092348
John didn't give the book to Mary because she wanted it. Interpret the sentence.,"The sentence ""John didn't give the book to Mary because she wanted it"" can be interpreted as follows:

John did not give the book to Mary, and the reason for this was not that Mary did not want the book. Instead, the reason was something else that is not specified in the sentence.

In other words, the sentence indicates that Mary wanted the book, but that was not the reason John did not give it to her. There could be various reasons for John's decision not to give the book to Mary, such as the book being reserved for someone else, John not having the book anymore, or other personal reasons.",/root/autodl-tmp/models/Qwen2.5-7B-Instruct,0.7,0.9,512,TRUE,,2025-11-15T21:00:13.092352
She hits the man in the pajamas with a hammer. Interpret the sentence.,"The sentence ""She hits the man in the pajamas with a hammer"" describes an action where a woman (referred to as ""she"") is using a hammer to strike a man who is wearing pajamas. This sentence could be part of a larger context that requires additional details for a full understanding, such as the reason for the action or the setting. It's important to note that such an action is illegal and violent, and this sentence might be part of a fictional narrative or a scenario that needs to be interpreted carefully.",/root/autodl-tmp/models/Qwen2.5-7B-Instruct,0.7,0.9,512,TRUE,,2025-11-15T21:00:13.092355
Alice participated in a running race and just overtook the third-place finisher. What was Alice's place?,"If Alice just overtook the third-place finisher, then Alice would be in second place. Overtook means she passed the other runner, so she would take the position that the other runner was in.",/root/autodl-tmp/models/Qwen2.5-7B-Instruct,0.7,0.9,512,TRUE,,2025-11-15T21:00:20.243095
The professor said on Monday he would give an exam. Interpret the sentence.,"The sentence ""The professor said on Monday he would give an exam"" can be interpreted as follows:

- The professor made an announcement on Monday.
- The content of the announcement was that the professor plans to administer an exam.
- This exam is scheduled for a date after Monday, as the professor has not yet specified when it will take place.

In essence, the professor informed the students on Monday that an exam is coming, but the exact date of the exam has not been disclosed yet.",/root/autodl-tmp/models/Qwen2.5-7B-Instruct,0.7,0.9,512,TRUE,,2025-11-15T21:00:20.243116
"In English, 'whole' and 'hole' sound the same. A philosopher once said we are all striving to be 'whole,' which explains why we sometimes feel empty, like a 'hole'. How do you feel about it?","That's a fascinating observation and a profound statement about human psychology and philosophy! The philosopher's analogy beautifully encapsulates the human experience of seeking completeness and fulfillment. The wordplay between ""whole"" and ""hole"" is indeed apt, as it reflects the duality of our desires and feelings.

When we strive to be ""whole,"" we are seeking a sense of completeness, integration, and fulfillment. This can refer to personal growth, emotional stability, or achieving a sense of purpose. On the other hand, when we feel ""empty"" like a ""hole,"" it suggests a gap or a lack that we are trying to fill. This emptiness can be a powerful motivator for self-improvement and the pursuit of meaning.

From a philosophical perspective, this idea touches on various themes such as self-realization, existentialism, and the human condition. It resonates with existential philosophers like Jean-Paul Sartre and Martin Heidegger, who explored the nature of existence and the search for meaning.

In your personal experience, how do you feel about this idea? Have you ever felt that you were striving to be ""whole"" and found yourself feeling ""empty"" like a ""hole""?",/root/autodl-tmp/models/Qwen2.5-7B-Instruct,0.7,0.9,512,TRUE,,2025-11-15T21:00:20.243124
"Since the invention of GPS, people's sense of direction has worsened. Hence, is it true to claim that GPS technology is causing memory loss in the spatial reasoning part of the brain.","The claim that GPS technology is causing memory loss in the spatial reasoning part of the brain is an interesting but complex one. While it's true that GPS has changed the way people navigate and may have led to some changes in cognitive processes, the evidence for a direct causal relationship between GPS use and memory loss in spatial reasoning is not conclusive.

Here are a few points to consider:

1. **Neuroplasticity**: The brain is highly adaptable. When we rely on GPS, other parts of the brain may become less active, but this doesn't necessarily mean that the spatial reasoning parts are losing function. Instead, the brain might be reallocating resources to other tasks, such as processing the vast amounts of information provided by GPS.

2. **Cognitive Load**: GPS can reduce the cognitive load required for navigation, allowing people to focus on other tasks or activities. This can be beneficial in terms of overall mental well-being, but it doesn't necessarily mean that the brain is losing its spatial reasoning capabilities.

3. **Studies and Evidence**: There is limited empirical evidence to support the claim that GPS use directly causes memory loss or deterioration in spatial reasoning. Some studies have suggested that using GPS can improve navigation skills by providing real-time information, which can enhance spatial awareness over time.

4. **Age and Experience**: The impact of GPS on spatial reasoning might also depend on age and individual experience. Younger people who have grown up with GPS might develop different navigation strategies, but this doesn't necessarily indicate a loss of spatial reasoning abilities.

5. **Behavioral Changes**: While GPS can reduce the need for internal navigation, it doesn't eliminate the need for spatial awareness. People still need to understand maps, read signs, and orient themselves in unfamiliar environments, which can still engage the brain's spatial reasoning centers.

In summary, while GPS has certainly changed how people navigate and might have some impact on cognitive processes, the claim that it is causing memory loss in the spatial reasoning part of the brain is an oversimplification. More research is needed to fully understand the long-term effects of GPS on cognitive functions.",/root/autodl-tmp/models/Qwen2.5-7B-Instruct,0.7,0.9,512,TRUE,,2025-11-15T21:00:20.243132
